<?xml version = '1.0' encoding = 'UTF-8'?>
<FKIndexAssociation class="oracle.dbtools.crest.model.design.relational.FKIndexAssociation" directorySegmentName="seg_0" id="46320FA4-E2F8-06FF-2271-2110984CA4A0" containerWithKeyObject="82238390-6C3C-6C41-987F-F2888A5A48A1" localFKIndex="BA1A1DD6-D725-0701-574A-A704D091D0C2" name="TEMPORAL_RESIDENTE_FK">
<createdBy>matiasmejias</createdBy>
<createdTime>2025-09-02 03:29:07 UTC</createdTime>
<generatorID>045F10D9-C0CB-40AD-F4EB-5ADD2538CA30</generatorID>
<ownerDesignName>Modelo_Base</ownerDesignName>
<referredTableLongName>RESIDENTE</referredTableLongName>
<arc>D5E0BAAD-BFE3-5DF2-E619-C18307B8E031</arc>
<deleteRule>NO ACTION</deleteRule>
<referredTableID>0B1D3A59-EAD1-9C61-B21C-BF7B4741499D</referredTableID>
<keyObject>3A306B7D-D442-A495-B99C-56C29BEFA795</keyObject>
<referredKeyID>3A306B7D-D442-A495-B99C-56C29BEFA795</referredKeyID>
<mandatory>true</mandatory>
<refColNames>rut_residente</refColNames>
<transferable>true</transferable>
<rely>false</rely>
<columnDependencyConstraintGenerateInDDL>true</columnDependencyConstraintGenerateInDDL>
</FKIndexAssociation>