<?xml version = '1.0' encoding = 'UTF-8'?>
<FKIndexAssociation class="oracle.dbtools.crest.model.design.relational.FKIndexAssociation" directorySegmentName="seg_0" id="5AB310FC-63B9-F0BE-FBDB-65AE7834B3FE" containerWithKeyObject="E57CDA30-BACA-D83A-1046-3E5BEA395C6B" localFKIndex="6C53C860-641B-1FEA-F1D8-21576B6D08FE" name="ANEXO_CONTRATO_FK">
<createdBy>matiasmejias</createdBy>
<createdTime>2025-09-02 03:29:07 UTC</createdTime>
<generatorID>45D2AF92-3DFF-657C-1786-941B33EF2F85</generatorID>
<ownerDesignName>Modelo_Base</ownerDesignName>
<referredTableLongName>CONTRATO</referredTableLongName>
<deleteRule>NO ACTION</deleteRule>
<referredTableID>22D7224A-22D4-0D83-E1CD-E53FA8CFB895</referredTableID>
<keyObject>C5588BDC-5C20-86B6-D1DB-10BBD5F90C92</keyObject>
<referredKeyID>C5588BDC-5C20-86B6-D1DB-10BBD5F90C92</referredKeyID>
<mandatory>true</mandatory>
<refColNames>id</refColNames>
<transferable>true</transferable>
<rely>false</rely>
<columnDependencyConstraintGenerateInDDL>true</columnDependencyConstraintGenerateInDDL>
</FKIndexAssociation>