<?xml version = '1.0' encoding = 'UTF-8'?>
<FKIndexAssociation class="oracle.dbtools.crest.model.design.relational.FKIndexAssociation" directorySegmentName="seg_0" id="5BBB352C-8808-B382-87D4-6E758B35DBD9" containerWithKeyObject="22D7224A-22D4-0D83-E1CD-E53FA8CFB895" localFKIndex="3395CC17-7769-DAD1-D8C2-22E8B2962442" name="CONTRATO_APODERADO_FK">
<createdBy>matiasmejias</createdBy>
<createdTime>2025-09-02 03:29:07 UTC</createdTime>
<generatorID>6C4467E7-FD99-3F7E-BA36-7CBB30EFDBDC</generatorID>
<ownerDesignName>Modelo_Base</ownerDesignName>
<referredTableLongName>APODERADO</referredTableLongName>
<deleteRule>NO ACTION</deleteRule>
<referredTableID>328CBA1C-B311-A4D5-CC0D-5383C6E00DB7</referredTableID>
<keyObject>79D37D18-F4A7-7D43-A81D-796526C61BB9</keyObject>
<referredKeyID>79D37D18-F4A7-7D43-A81D-796526C61BB9</referredKeyID>
<mandatory>true</mandatory>
<refColNames>rut_apoderado</refColNames>
<transferable>true</transferable>
<rely>false</rely>
<columnDependencyConstraintGenerateInDDL>true</columnDependencyConstraintGenerateInDDL>
</FKIndexAssociation>