<?xml version = '1.0' encoding = 'UTF-8'?>
<FKIndexAssociation class="oracle.dbtools.crest.model.design.relational.FKIndexAssociation" directorySegmentName="seg_0" id="9DA531ED-C333-F4EC-17E3-56078DD03379" containerWithKeyObject="3E1C259C-AE1E-E4A9-18ED-FB97B2D5B673" localFKIndex="828C579D-67E9-4854-9FFE-D763FC5B7ED8" name="MEDICO_PERSONAL_FK">
<createdBy>matiasmejias</createdBy>
<createdTime>2025-09-02 03:29:07 UTC</createdTime>
<generatorID>456C0462-16E1-5844-1476-0E5E5475A941</generatorID>
<ownerDesignName>Modelo_Base</ownerDesignName>
<referredTableLongName>PERSONAL</referredTableLongName>
<arc>7C97ED2B-79CB-D31C-CD2E-E71D1E1BBB18</arc>
<deleteRule>NO ACTION</deleteRule>
<referredTableID>0FFA6CEE-F606-4A33-48B0-E1D435406F6D</referredTableID>
<keyObject>5A3FCC51-98E8-A51B-E3B8-607C1E3E6ED4</keyObject>
<referredKeyID>5A3FCC51-98E8-A51B-E3B8-607C1E3E6ED4</referredKeyID>
<mandatory>true</mandatory>
<refColNames>rut_personal</refColNames>
<transferable>true</transferable>
<rely>false</rely>
<columnDependencyConstraintGenerateInDDL>true</columnDependencyConstraintGenerateInDDL>
</FKIndexAssociation>