<?xml version = '1.0' encoding = 'UTF-8'?>
<FKIndexAssociation class="oracle.dbtools.crest.model.design.relational.FKIndexAssociation" directorySegmentName="seg_0" id="BA9CAB36-3A22-1088-C51F-F99E67032D15" containerWithKeyObject="0B1D3A59-EAD1-9C61-B21C-BF7B4741499D" localFKIndex="E9D8B0A1-BB0D-F29B-B23B-665C1F8D4588" name="RESIDENTE_ANEXO_FK">
<createdBy>matiasmejias</createdBy>
<createdTime>2025-09-02 03:29:07 UTC</createdTime>
<generatorID>DA459096-CFBA-5617-230C-F88C5F97E3BB</generatorID>
<ownerDesignName>Modelo_Base</ownerDesignName>
<referredTableLongName>ANEXO</referredTableLongName>
<deleteRule>NO ACTION</deleteRule>
<referredTableID>E57CDA30-BACA-D83A-1046-3E5BEA395C6B</referredTableID>
<keyObject>7BDBFE1F-1C7B-D032-6AD6-19D51E912353</keyObject>
<referredKeyID>7BDBFE1F-1C7B-D032-6AD6-19D51E912353</referredKeyID>
<mandatory>true</mandatory>
<refColNames>id</refColNames>
<transferable>true</transferable>
<rely>false</rely>
<columnDependencyConstraintGenerateInDDL>true</columnDependencyConstraintGenerateInDDL>
</FKIndexAssociation>