<?xml version = '1.0' encoding = 'UTF-8'?>
<FKIndexAssociation class="oracle.dbtools.crest.model.design.relational.FKIndexAssociation" directorySegmentName="seg_0" id="C4129B1E-ABBC-A27B-6FC1-0FF97BD53FD0" containerWithKeyObject="3E1C259C-AE1E-E4A9-18ED-FB97B2D5B673" localFKIndex="9C2CADEB-3D4F-B618-46E5-33AC7CC2FE96" name="MEDICO_MEDICO_FK">
<createdBy>matiasmejias</createdBy>
<createdTime>2025-09-02 03:29:07 UTC</createdTime>
<generatorID>7C57334D-0393-56C6-B48C-17E6B9FFBB13</generatorID>
<ownerDesignName>Modelo_Base</ownerDesignName>
<referredTableLongName>MEDICO</referredTableLongName>
<deleteRule>NO ACTION</deleteRule>
<referredTableID>3E1C259C-AE1E-E4A9-18ED-FB97B2D5B673</referredTableID>
<keyObject>8218F6DA-5B71-EDD1-0BD8-9DC140602B34</keyObject>
<referredKeyID>8218F6DA-5B71-EDD1-0BD8-9DC140602B34</referredKeyID>
<mandatory>true</mandatory>
<refColNames>rut_personal</refColNames>
<transferable>true</transferable>
<rely>false</rely>
<columnDependencyConstraintGenerateInDDL>true</columnDependencyConstraintGenerateInDDL>
</FKIndexAssociation>