<?xml version = '1.0' encoding = 'UTF-8'?>
<FKIndexAssociation class="oracle.dbtools.crest.model.design.relational.FKIndexAssociation" directorySegmentName="seg_0" id="CBB3060B-CED0-C05B-5BBE-1B20B2028708" containerWithKeyObject="A162EDCE-C37C-33D7-8867-A22CBB345C58" localFKIndex="3F1BD348-FAD8-59A6-E5B9-A9C3DA77E921" name="CUIDADOR_PERSONAL_FK">
<createdBy>matiasmejias</createdBy>
<createdTime>2025-09-02 03:29:07 UTC</createdTime>
<generatorID>6393B1DF-7976-7693-8E42-E30B4FE5AF38</generatorID>
<ownerDesignName>Modelo_Base</ownerDesignName>
<referredTableLongName>PERSONAL</referredTableLongName>
<arc>7C97ED2B-79CB-D31C-CD2E-E71D1E1BBB18</arc>
<deleteRule>NO ACTION</deleteRule>
<referredTableID>0FFA6CEE-F606-4A33-48B0-E1D435406F6D</referredTableID>
<keyObject>5A3FCC51-98E8-A51B-E3B8-607C1E3E6ED4</keyObject>
<referredKeyID>5A3FCC51-98E8-A51B-E3B8-607C1E3E6ED4</referredKeyID>
<mandatory>true</mandatory>
<refColNames>rut_personal</refColNames>
<transferable>true</transferable>
<rely>false</rely>
<columnDependencyConstraintGenerateInDDL>true</columnDependencyConstraintGenerateInDDL>
</FKIndexAssociation>