<?xml version = '1.0' encoding = 'UTF-8'?>
<FKIndexAssociation class="oracle.dbtools.crest.model.design.relational.FKIndexAssociation" directorySegmentName="seg_0" id="D51DB1DA-0973-AD98-474C-AC0AF0813223" containerWithKeyObject="777565ED-D6AD-D276-4B45-AABDC302119B" localFKIndex="F42DC1AD-2A55-7717-86D1-B7C4182D7D5B" name="HABITACION_RESIDENCIA_FK">
<createdBy>matiasmejias</createdBy>
<createdTime>2025-09-02 03:29:07 UTC</createdTime>
<generatorID>67B1A323-C5B5-1DE5-25D3-CAEE3AD88EB9</generatorID>
<ownerDesignName>Modelo_Base</ownerDesignName>
<referredTableLongName>RESIDENCIA</referredTableLongName>
<deleteRule>NO ACTION</deleteRule>
<referredTableID>2256D6E1-45E0-1707-0D03-A844E45CF20C</referredTableID>
<keyObject>612B970E-D218-236C-EB7F-AB29279FF9D9</keyObject>
<referredKeyID>612B970E-D218-236C-EB7F-AB29279FF9D9</referredKeyID>
<mandatory>true</mandatory>
<refColNames>id</refColNames>
<transferable>true</transferable>
<rely>false</rely>
<columnDependencyConstraintGenerateInDDL>true</columnDependencyConstraintGenerateInDDL>
</FKIndexAssociation>