<?xml version = '1.0' encoding = 'UTF-8'?>
<Entity class="oracle.dbtools.crest.model.design.logical.Entity" directorySegmentName="seg_0" id="391E7DF5-803A-E96C-A6E5-2486D7553250" name="RESIDENCIA">
<createdBy>matiasmejias</createdBy>
<createdTime>2025-09-02 02:42:57 UTC</createdTime>
<ownerDesignName>Modelo_Base</ownerDesignName>
<engineerTo>
<item key="03C5B0DE-5815-8BCA-83BD-2560E4D61139" value="true"/>
</engineerTo>
<adequatelyNormalized>NO</adequatelyNormalized>
<expectedVolumes>0</expectedVolumes>
<fwdEngineeringStrategyName>Single Table</fwdEngineeringStrategyName>
<growthPercent>0</growthPercent>
<growthType>Year</growthType>
<maxVolumes>9999999</maxVolumes>
<minVolumes>0</minVolumes>
<normalForm>Third</normalForm>
<attributes itemClass="oracle.dbtools.crest.model.design.logical.Attribute">
<Attribute name="id" id="E0583B55-60EB-D489-2CB5-0DF1A65AA70E">
<createdBy>matiasmejias</createdBy>
<createdTime>2025-09-02 02:43:11 UTC</createdTime>
<ownerDesignName>Modelo_Base</ownerDesignName>
<engineerTo>
<item key="03C5B0DE-5815-8BCA-83BD-2560E4D61139" value="true"/>
</engineerTo>
<useDomainConstraints>false</useDomainConstraints>
<use>1</use>
<logicalDatatype>LOGDT024</logicalDatatype>
<dataTypeSize>10</dataTypeSize>
<ownDataTypeParameters>10,,</ownDataTypeParameters>
</Attribute>
<Attribute name="nombre_residencia" id="D821F1FC-8DC6-0BA9-CF6C-73323655E306">
<createdBy>matiasmejias</createdBy>
<createdTime>2025-09-02 02:44:09 UTC</createdTime>
<ownerDesignName>Modelo_Base</ownerDesignName>
<engineerTo>
<item key="03C5B0DE-5815-8BCA-83BD-2560E4D61139" value="true"/>
</engineerTo>
<useDomainConstraints>false</useDomainConstraints>
<use>1</use>
<logicalDatatype>LOGDT024</logicalDatatype>
<dataTypeSize>100</dataTypeSize>
<ownDataTypeParameters>100,,</ownDataTypeParameters>
</Attribute>
<Attribute name="comuna" id="4E202EE9-25A2-C479-0891-692DDD3F6456">
<createdBy>matiasmejias</createdBy>
<createdTime>2025-09-02 02:44:54 UTC</createdTime>
<ownerDesignName>Modelo_Base</ownerDesignName>
<engineerTo>
<item key="03C5B0DE-5815-8BCA-83BD-2560E4D61139" value="true"/>
</engineerTo>
<useDomainConstraints>false</useDomainConstraints>
<use>1</use>
<logicalDatatype>LOGDT024</logicalDatatype>
<dataTypeSize>50</dataTypeSize>
<ownDataTypeParameters>50,,</ownDataTypeParameters>
</Attribute>
<Attribute name="rut_personal" id="3FE4C985-7B33-79F9-5B94-413FC49A60CF">
<createdBy>matiasmejias</createdBy>
<createdTime>2025-09-02 03:18:36 UTC</createdTime>
<generatorID>82217D7C-FA6B-31D4-C5FE-3410BB4C8029</generatorID>
<ownerDesignName>Modelo_Base</ownerDesignName>
<engineerTo>
<item key="03C5B0DE-5815-8BCA-83BD-2560E4D61139" value="true"/>
</engineerTo>
<referedAttribute>6B8D5603-251F-D121-5471-787F8F0AD326</referedAttribute>
<useDomainConstraints>false</useDomainConstraints>
<use>1</use>
<logicalDatatype>LOGDT024</logicalDatatype>
<dataTypeSize>10</dataTypeSize>
<ownDataTypeParameters>,,</ownDataTypeParameters>
</Attribute>
</attributes>
<identifiers itemClass="oracle.dbtools.crest.model.design.logical.CandidateKey">
<identifier id="D5F721F7-848E-7A3E-9382-A10EF58B9597" name="RESIDENCIA PK">
<createdBy>matiasmejias</createdBy>
<createdTime>2025-09-02 02:43:55 UTC</createdTime>
<ownerDesignName>Modelo_Base</ownerDesignName>
<engineerTo>
<item key="03C5B0DE-5815-8BCA-83BD-2560E4D61139" value="true"/>
</engineerTo>
<pk>true</pk>
<usedAttributes>
<attributeRef>E0583B55-60EB-D489-2CB5-0DF1A65AA70E</attributeRef>
</usedAttributes>
</identifier>
</identifiers>
</Entity>