<?xml version = '1.0' encoding = 'UTF-8'?>
<Entity class="oracle.dbtools.crest.model.design.logical.Entity" directorySegmentName="seg_0" id="C87A175C-BEB0-24B9-2219-C1AD46DCC60F" name="PERMANENTE">
<createdBy>matiasmejias</createdBy>
<createdTime>2025-09-02 03:10:24 UTC</createdTime>
<ownerDesignName>Modelo_Base</ownerDesignName>
<engineerTo>
<item key="03C5B0DE-5815-8BCA-83BD-2560E4D61139" value="true"/>
</engineerTo>
<adequatelyNormalized>NO</adequatelyNormalized>
<expectedVolumes>0</expectedVolumes>
<fwdEngineeringStrategyName>Single Table</fwdEngineeringStrategyName>
<growthPercent>0</growthPercent>
<growthType>Year</growthType>
<hierarchicalParent>5A285CAC-7E4E-19BC-2DC9-8BFB5B222453</hierarchicalParent>
<maxVolumes>9999999</maxVolumes>
<minVolumes>0</minVolumes>
<normalForm>Third</normalForm>
<attributes itemClass="oracle.dbtools.crest.model.design.logical.Attribute">
<Attribute name="historial_clinico" id="FB5A674C-88EA-BE7B-9DAC-E6862B8BE6A4">
<createdBy>matiasmejias</createdBy>
<createdTime>2025-09-02 03:12:11 UTC</createdTime>
<ownerDesignName>Modelo_Base</ownerDesignName>
<engineerTo>
<item key="03C5B0DE-5815-8BCA-83BD-2560E4D61139" value="true"/>
</engineerTo>
<useDomainConstraints>false</useDomainConstraints>
<use>1</use>
<logicalDatatype>LOGDT024</logicalDatatype>
<dataTypeSize>1000</dataTypeSize>
<ownDataTypeParameters>1000,,</ownDataTypeParameters>
</Attribute>
</attributes>
</Entity>