<?xml version = '1.0' encoding = 'UTF-8'?>
<Entity class="oracle.dbtools.crest.model.design.logical.Entity" directorySegmentName="seg_0" id="CB63FE38-F103-7205-0253-1AD8FE858287" name="HABITACION">
<createdBy>matiasmejias</createdBy>
<createdTime>2025-09-02 02:45:59 UTC</createdTime>
<ownerDesignName>Modelo_Base</ownerDesignName>
<engineerTo>
<item key="03C5B0DE-5815-8BCA-83BD-2560E4D61139" value="true"/>
</engineerTo>
<adequatelyNormalized>NO</adequatelyNormalized>
<expectedVolumes>0</expectedVolumes>
<fwdEngineeringStrategyName>Single Table</fwdEngineeringStrategyName>
<growthPercent>0</growthPercent>
<growthType>Year</growthType>
<maxVolumes>9999999</maxVolumes>
<minVolumes>0</minVolumes>
<normalForm>Third</normalForm>
<attributes itemClass="oracle.dbtools.crest.model.design.logical.Attribute">
<Attribute name="numero_habitacion" id="108ABBC1-A914-F0E1-76BC-6CB6BC0A1DED">
<createdBy>matiasmejias</createdBy>
<createdTime>2025-09-02 02:46:10 UTC</createdTime>
<ownerDesignName>Modelo_Base</ownerDesignName>
<engineerTo>
<item key="03C5B0DE-5815-8BCA-83BD-2560E4D61139" value="true"/>
</engineerTo>
<useDomainConstraints>false</useDomainConstraints>
<use>1</use>
<logicalDatatype>LOGDT024</logicalDatatype>
<dataTypeSize>10</dataTypeSize>
<ownDataTypeParameters>10,,</ownDataTypeParameters>
</Attribute>
<Attribute name="tipo_habitacion" id="84436AD6-84D6-56C6-98A1-DA60F3361F86">
<createdBy>matiasmejias</createdBy>
<createdTime>2025-09-02 02:46:48 UTC</createdTime>
<ownerDesignName>Modelo_Base</ownerDesignName>
<engineerTo>
<item key="03C5B0DE-5815-8BCA-83BD-2560E4D61139" value="true"/>
</engineerTo>
<useDomainConstraints>false</useDomainConstraints>
<use>1</use>
<logicalDatatype>LOGDT024</logicalDatatype>
<dataTypeSize>20</dataTypeSize>
<ownDataTypeParameters>20,,</ownDataTypeParameters>
</Attribute>
<Attribute name="id" id="EAEB307F-2FE7-7D4B-CC21-EC004F4A2085">
<createdBy>matiasmejias</createdBy>
<createdTime>2025-09-02 03:16:48 UTC</createdTime>
<generatorID>67B1A323-C5B5-1DE5-25D3-CAEE3AD88EB9</generatorID>
<ownerDesignName>Modelo_Base</ownerDesignName>
<engineerTo>
<item key="03C5B0DE-5815-8BCA-83BD-2560E4D61139" value="true"/>
</engineerTo>
<referedAttribute>E0583B55-60EB-D489-2CB5-0DF1A65AA70E</referedAttribute>
<useDomainConstraints>false</useDomainConstraints>
<use>1</use>
<logicalDatatype>LOGDT024</logicalDatatype>
<dataTypeSize>10</dataTypeSize>
<ownDataTypeParameters>,,</ownDataTypeParameters>
</Attribute>
<Attribute name="rut_residente" id="F5552117-856A-98C4-1B6A-391C4AB2FB48">
<createdBy>matiasmejias</createdBy>
<createdTime>2025-09-02 03:18:54 UTC</createdTime>
<generatorID>BCA561B9-808A-8196-987E-3D9E5E3A851D</generatorID>
<ownerDesignName>Modelo_Base</ownerDesignName>
<engineerTo>
<item key="03C5B0DE-5815-8BCA-83BD-2560E4D61139" value="true"/>
</engineerTo>
<referedAttribute>9034E6C5-585E-A3B6-C428-527DB5E84B81</referedAttribute>
<useDomainConstraints>false</useDomainConstraints>
<use>1</use>
<logicalDatatype>LOGDT024</logicalDatatype>
<dataTypeSize>10</dataTypeSize>
<ownDataTypeParameters>,,</ownDataTypeParameters>
</Attribute>
</attributes>
<identifiers itemClass="oracle.dbtools.crest.model.design.logical.CandidateKey">
<identifier id="3286E503-81EC-D205-1724-BE6B5B99FC31" name="HABITACION PK">
<createdBy>matiasmejias</createdBy>
<createdTime>2025-09-02 02:46:32 UTC</createdTime>
<ownerDesignName>Modelo_Base</ownerDesignName>
<engineerTo>
<item key="03C5B0DE-5815-8BCA-83BD-2560E4D61139" value="true"/>
</engineerTo>
<pk>true</pk>
<usedAttributes>
<attributeRef>108ABBC1-A914-F0E1-76BC-6CB6BC0A1DED</attributeRef>
</usedAttributes>
</identifier>
</identifiers>
</Entity>