<?xml version = '1.0' encoding = 'UTF-8'?>
<Table class="oracle.dbtools.crest.model.design.relational.Table" directorySegmentName="seg_0" id="0B1D3A59-EAD1-9C61-B21C-BF7B4741499D" name="RESIDENTE">
<createdBy>matiasmejias</createdBy>
<createdTime>2025-09-02 03:29:07 UTC</createdTime>
<generatorID>5A285CAC-7E4E-19BC-2DC9-8BFB5B222453</generatorID>
<ownerDesignName>Modelo_Base</ownerDesignName>
<allowColumnReorder>false</allowColumnReorder>
<existDependencyGenerateInDDl>true</existDependencyGenerateInDDl>
<parsed>true</parsed>
<columns itemClass="oracle.dbtools.crest.model.design.relational.Column">
<Column name="rut_residente" id="F5E93A67-47F5-955D-20B4-B2E0FD355994">
<createdBy>matiasmejias</createdBy>
<createdTime>2025-09-02 03:29:07 UTC</createdTime>
<generatorID>9034E6C5-585E-A3B6-C428-527DB5E84B81</generatorID>
<ownerDesignName>Modelo_Base</ownerDesignName>
<useDomainConstraints>false</useDomainConstraints>
<use>1</use>
<logicalDatatype>LOGDT024</logicalDatatype>
<dataTypeSize>10</dataTypeSize>
<ownDataTypeParameters>10,,</ownDataTypeParameters>
<autoIncrementCycle>false</autoIncrementCycle>
</Column>
<Column name="nombre_residente" id="09D4860D-CF53-BF2C-F9DB-FD90F9ECF391">
<createdBy>matiasmejias</createdBy>
<createdTime>2025-09-02 03:29:07 UTC</createdTime>
<generatorID>391A55E0-7DD5-B078-E867-6D20BF8EECC3</generatorID>
<ownerDesignName>Modelo_Base</ownerDesignName>
<useDomainConstraints>false</useDomainConstraints>
<use>1</use>
<logicalDatatype>LOGDT024</logicalDatatype>
<dataTypeSize>100</dataTypeSize>
<ownDataTypeParameters>100,,</ownDataTypeParameters>
<autoIncrementCycle>false</autoIncrementCycle>
</Column>
<Column name="edad" id="ACD4FBAD-C84B-B0B1-62A9-B789CFE4B1FC">
<createdBy>matiasmejias</createdBy>
<createdTime>2025-09-02 03:29:07 UTC</createdTime>
<generatorID>032678CF-1521-15C8-8284-D182306726C7</generatorID>
<ownerDesignName>Modelo_Base</ownerDesignName>
<useDomainConstraints>false</useDomainConstraints>
<use>1</use>
<logicalDatatype>LOGDT019</logicalDatatype>
<dataTypePrecision>3</dataTypePrecision>
<ownDataTypeParameters>,3,</ownDataTypeParameters>
<autoIncrementCycle>false</autoIncrementCycle>
</Column>
<Column name="autonomia" id="5C8B0845-C859-01B5-24C6-CBE7CFF04120">
<createdBy>matiasmejias</createdBy>
<createdTime>2025-09-02 03:29:07 UTC</createdTime>
<generatorID>6BEB9273-FCAF-CD5C-E10D-61AD61FF40A7</generatorID>
<ownerDesignName>Modelo_Base</ownerDesignName>
<useDomainConstraints>false</useDomainConstraints>
<use>1</use>
<logicalDatatype>LOGDT025</logicalDatatype>
<dataTypeSize>1</dataTypeSize>
<ownDataTypeParameters>1,,</ownDataTypeParameters>
<autoIncrementCycle>false</autoIncrementCycle>
</Column>
<Column name="ANEXO_id" id="77808DBA-753D-35B1-10D5-D65B17B03952">
<createdBy>matiasmejias</createdBy>
<createdTime>2025-09-02 03:29:07 UTC</createdTime>
<generatorID>3BA3A4D6-CC0B-6FE4-9C9E-E4A667C91FB8</generatorID>
<ownerDesignName>Modelo_Base</ownerDesignName>
<useDomainConstraints>false</useDomainConstraints>
<use>1</use>
<logicalDatatype>LOGDT019</logicalDatatype>
<dataTypePrecision>10</dataTypePrecision>
<ownDataTypeParameters>,,</ownDataTypeParameters>
<previousColumn>false</previousColumn>
<autoIncrementCycle>false</autoIncrementCycle>
<associations>
<colAssociation fkAssociation="BA9CAB36-3A22-1088-C51F-F99E67032D15" referredColumn="55115AFD-165D-9A5E-0952-6F55D5128178"/>
</associations>
</Column>
</columns>
<indexes itemClass="oracle.dbtools.crest.model.design.relational.Index">
<ind_PK_UK id="3A306B7D-D442-A495-B99C-56C29BEFA795" name="RESIDENTE_PK">
<createdBy>matiasmejias</createdBy>
<createdTime>2025-09-02 03:29:07 UTC</createdTime>
<generatorID>926F80CF-7E77-114E-CBC3-EDD6C96A6955</generatorID>
<ownerDesignName>Modelo_Base</ownerDesignName>
<pk>true</pk>
<indexState>Primary Constraint</indexState>
<isSurrogateKey>false</isSurrogateKey>
<indexColumnUsage>
<colUsage columnID="F5E93A67-47F5-955D-20B4-B2E0FD355994"/>
</indexColumnUsage>
</ind_PK_UK>
<ind_PK_UK id="7129EA6C-7ADA-E109-1A79-F1ED39951C94" name="RESIDENTE__IDX">
<createdBy>matiasmejias</createdBy>
<createdTime>2025-09-02 03:29:07 UTC</createdTime>
<ownerDesignName>Modelo_Base</ownerDesignName>
<indexState>Unique Plain Index</indexState>
<isSurrogateKey>false</isSurrogateKey>
<relationGeneratorID>DA459096-CFBA-5617-230C-F88C5F97E3BB</relationGeneratorID>
<indexColumnUsage>
<colUsage columnID="77808DBA-753D-35B1-10D5-D65B17B03952"/>
</indexColumnUsage>
</ind_PK_UK>
<ind_PK_UK id="E9D8B0A1-BB0D-F29B-B23B-665C1F8D4588" name="RESIDENTE_ANEXO_FK">
<createdBy>matiasmejias</createdBy>
<createdTime>2025-09-02 03:29:07 UTC</createdTime>
<generatorID>DA459096-CFBA-5617-230C-F88C5F97E3BB</generatorID>
<ownerDesignName>Modelo_Base</ownerDesignName>
<indexState>Foreign Key</indexState>
<isSurrogateKey>false</isSurrogateKey>
<indexColumnUsage>
<colUsage columnID="77808DBA-753D-35B1-10D5-D65B17B03952"/>
</indexColumnUsage>
</ind_PK_UK>
</indexes>
</Table>