<?xml version = '1.0' encoding = 'UTF-8'?>
<Table class="oracle.dbtools.crest.model.design.relational.Table" directorySegmentName="seg_0" id="2256D6E1-45E0-1707-0D03-A844E45CF20C" name="RESIDENCIA">
<createdBy>matiasmejias</createdBy>
<createdTime>2025-09-02 03:29:07 UTC</createdTime>
<generatorID>391E7DF5-803A-E96C-A6E5-2486D7553250</generatorID>
<ownerDesignName>Modelo_Base</ownerDesignName>
<allowColumnReorder>false</allowColumnReorder>
<existDependencyGenerateInDDl>true</existDependencyGenerateInDDl>
<parsed>true</parsed>
<columns itemClass="oracle.dbtools.crest.model.design.relational.Column">
<Column name="id" id="E8399A90-39BB-CD00-3868-F458EDFF79AB">
<createdBy>matiasmejias</createdBy>
<createdTime>2025-09-02 03:29:07 UTC</createdTime>
<generatorID>E0583B55-60EB-D489-2CB5-0DF1A65AA70E</generatorID>
<ownerDesignName>Modelo_Base</ownerDesignName>
<useDomainConstraints>false</useDomainConstraints>
<use>1</use>
<logicalDatatype>LOGDT024</logicalDatatype>
<dataTypeSize>10</dataTypeSize>
<ownDataTypeParameters>10,,</ownDataTypeParameters>
<autoIncrementCycle>false</autoIncrementCycle>
</Column>
<Column name="nombre_residencia" id="2533C3DC-1F56-3FD9-F9B5-1B9EDD4C5B8A">
<createdBy>matiasmejias</createdBy>
<createdTime>2025-09-02 03:29:07 UTC</createdTime>
<generatorID>D821F1FC-8DC6-0BA9-CF6C-73323655E306</generatorID>
<ownerDesignName>Modelo_Base</ownerDesignName>
<useDomainConstraints>false</useDomainConstraints>
<use>1</use>
<logicalDatatype>LOGDT024</logicalDatatype>
<dataTypeSize>100</dataTypeSize>
<ownDataTypeParameters>100,,</ownDataTypeParameters>
<autoIncrementCycle>false</autoIncrementCycle>
</Column>
<Column name="comuna" id="0E2E6389-3C78-0CDD-D437-FB0AE26CFEB7">
<createdBy>matiasmejias</createdBy>
<createdTime>2025-09-02 03:29:07 UTC</createdTime>
<generatorID>4E202EE9-25A2-C479-0891-692DDD3F6456</generatorID>
<ownerDesignName>Modelo_Base</ownerDesignName>
<useDomainConstraints>false</useDomainConstraints>
<use>1</use>
<logicalDatatype>LOGDT024</logicalDatatype>
<dataTypeSize>50</dataTypeSize>
<ownDataTypeParameters>50,,</ownDataTypeParameters>
<autoIncrementCycle>false</autoIncrementCycle>
</Column>
<Column name="PERSONAL_rut_personal" id="3991F399-29EE-15F9-E2C4-63E2AC82DEE2">
<createdBy>matiasmejias</createdBy>
<createdTime>2025-09-02 03:29:07 UTC</createdTime>
<generatorID>3FE4C985-7B33-79F9-5B94-413FC49A60CF</generatorID>
<ownerDesignName>Modelo_Base</ownerDesignName>
<useDomainConstraints>false</useDomainConstraints>
<use>1</use>
<logicalDatatype>LOGDT024</logicalDatatype>
<dataTypeSize>10</dataTypeSize>
<ownDataTypeParameters>,,</ownDataTypeParameters>
<previousColumn>false</previousColumn>
<autoIncrementCycle>false</autoIncrementCycle>
<associations>
<colAssociation fkAssociation="E923CC1E-A83A-FDCD-A280-D822BD8AEFBD" referredColumn="36F34A43-430C-8D0F-0B70-E1E22C130A39"/>
</associations>
</Column>
</columns>
<indexes itemClass="oracle.dbtools.crest.model.design.relational.Index">
<ind_PK_UK id="612B970E-D218-236C-EB7F-AB29279FF9D9" name="RESIDENCIA_PK">
<createdBy>matiasmejias</createdBy>
<createdTime>2025-09-02 03:29:07 UTC</createdTime>
<generatorID>D5F721F7-848E-7A3E-9382-A10EF58B9597</generatorID>
<ownerDesignName>Modelo_Base</ownerDesignName>
<pk>true</pk>
<indexState>Primary Constraint</indexState>
<isSurrogateKey>false</isSurrogateKey>
<indexColumnUsage>
<colUsage columnID="E8399A90-39BB-CD00-3868-F458EDFF79AB"/>
</indexColumnUsage>
</ind_PK_UK>
<ind_PK_UK id="DEF68624-753B-9E7B-B974-8299E90CC659" name="RESIDENCIA_PERSONAL_FK">
<createdBy>matiasmejias</createdBy>
<createdTime>2025-09-02 03:29:07 UTC</createdTime>
<generatorID>82217D7C-FA6B-31D4-C5FE-3410BB4C8029</generatorID>
<ownerDesignName>Modelo_Base</ownerDesignName>
<indexState>Foreign Key</indexState>
<isSurrogateKey>false</isSurrogateKey>
<indexColumnUsage>
<colUsage columnID="3991F399-29EE-15F9-E2C4-63E2AC82DEE2"/>
</indexColumnUsage>
</ind_PK_UK>
</indexes>
</Table>