<?xml version = '1.0' encoding = 'UTF-8'?>
<Table class="oracle.dbtools.crest.model.design.relational.Table" directorySegmentName="seg_0" id="22D7224A-22D4-0D83-E1CD-E53FA8CFB895" name="CONTRATO">
<createdBy>matiasmejias</createdBy>
<createdTime>2025-09-02 03:29:07 UTC</createdTime>
<generatorID>9027E6A5-4611-D7AD-5549-B2ABCAD337A9</generatorID>
<ownerDesignName>Modelo_Base</ownerDesignName>
<allowColumnReorder>false</allowColumnReorder>
<existDependencyGenerateInDDl>true</existDependencyGenerateInDDl>
<parsed>true</parsed>
<columns itemClass="oracle.dbtools.crest.model.design.relational.Column">
<Column name="id" id="4CA50B57-B4AC-8B55-48E9-D4CDE75E346A">
<createdBy>matiasmejias</createdBy>
<createdTime>2025-09-02 03:29:07 UTC</createdTime>
<generatorID>5CBA030E-9468-136A-096C-77F3C01A1132</generatorID>
<ownerDesignName>Modelo_Base</ownerDesignName>
<useDomainConstraints>false</useDomainConstraints>
<use>1</use>
<logicalDatatype>LOGDT024</logicalDatatype>
<dataTypeSize>10</dataTypeSize>
<ownDataTypeParameters>10,,</ownDataTypeParameters>
<autoIncrementCycle>false</autoIncrementCycle>
</Column>
<Column name="fecha_inicio" id="8655A617-7E2C-A47E-D50D-C85D5B76C7F8">
<createdBy>matiasmejias</createdBy>
<createdTime>2025-09-02 03:29:07 UTC</createdTime>
<generatorID>95D6B01C-83A2-CBDA-5298-3E098FAF6AD6</generatorID>
<ownerDesignName>Modelo_Base</ownerDesignName>
<useDomainConstraints>false</useDomainConstraints>
<use>1</use>
<logicalDatatype>LOGDT007</logicalDatatype>
<ownDataTypeParameters>,,</ownDataTypeParameters>
<autoIncrementCycle>false</autoIncrementCycle>
</Column>
<Column name="fecha_termino" id="47342162-C70A-5981-D551-C8A02B731411">
<createdBy>matiasmejias</createdBy>
<createdTime>2025-09-02 03:29:07 UTC</createdTime>
<generatorID>A5BFA648-E56D-3DED-71B6-70112CFBC2B3</generatorID>
<ownerDesignName>Modelo_Base</ownerDesignName>
<useDomainConstraints>false</useDomainConstraints>
<use>1</use>
<logicalDatatype>LOGDT007</logicalDatatype>
<ownDataTypeParameters>,,</ownDataTypeParameters>
<autoIncrementCycle>false</autoIncrementCycle>
</Column>
<Column name="tipo_financiamiento" id="DC3A880E-7312-9A3E-095A-6CB9E7B37C5D">
<createdBy>matiasmejias</createdBy>
<createdTime>2025-09-02 03:29:07 UTC</createdTime>
<generatorID>3A244755-A07B-5E7E-E6B6-836E586C566B</generatorID>
<ownerDesignName>Modelo_Base</ownerDesignName>
<useDomainConstraints>false</useDomainConstraints>
<use>1</use>
<logicalDatatype>LOGDT024</logicalDatatype>
<dataTypeSize>20</dataTypeSize>
<ownDataTypeParameters>20,,</ownDataTypeParameters>
<autoIncrementCycle>false</autoIncrementCycle>
</Column>
<Column name="APODERADO_rut_apoderado" id="00ADE68C-4D2C-0178-FDA0-3121661F353E">
<createdBy>matiasmejias</createdBy>
<createdTime>2025-09-02 03:29:07 UTC</createdTime>
<generatorID>70C41B46-5D8F-97B9-6855-4B3C18D7FC5A</generatorID>
<ownerDesignName>Modelo_Base</ownerDesignName>
<useDomainConstraints>false</useDomainConstraints>
<use>1</use>
<logicalDatatype>LOGDT024</logicalDatatype>
<dataTypeSize>10</dataTypeSize>
<ownDataTypeParameters>,,</ownDataTypeParameters>
<previousColumn>false</previousColumn>
<autoIncrementCycle>false</autoIncrementCycle>
<associations>
<colAssociation fkAssociation="5BBB352C-8808-B382-87D4-6E758B35DBD9" referredColumn="A4F91443-FC68-E626-63CB-8C245D801D5D"/>
</associations>
</Column>
</columns>
<indexes itemClass="oracle.dbtools.crest.model.design.relational.Index">
<ind_PK_UK id="C5588BDC-5C20-86B6-D1DB-10BBD5F90C92" name="CONTRATO_PK">
<createdBy>matiasmejias</createdBy>
<createdTime>2025-09-02 03:29:07 UTC</createdTime>
<generatorID>0B5DE757-CB3E-15AB-AD14-3957684E8D12</generatorID>
<ownerDesignName>Modelo_Base</ownerDesignName>
<pk>true</pk>
<indexState>Primary Constraint</indexState>
<isSurrogateKey>false</isSurrogateKey>
<indexColumnUsage>
<colUsage columnID="4CA50B57-B4AC-8B55-48E9-D4CDE75E346A"/>
</indexColumnUsage>
</ind_PK_UK>
<ind_PK_UK id="3395CC17-7769-DAD1-D8C2-22E8B2962442" name="CONTRATO_APODERADO_FK">
<createdBy>matiasmejias</createdBy>
<createdTime>2025-09-02 03:29:07 UTC</createdTime>
<generatorID>6C4467E7-FD99-3F7E-BA36-7CBB30EFDBDC</generatorID>
<ownerDesignName>Modelo_Base</ownerDesignName>
<indexState>Foreign Key</indexState>
<isSurrogateKey>false</isSurrogateKey>
<indexColumnUsage>
<colUsage columnID="00ADE68C-4D2C-0178-FDA0-3121661F353E"/>
</indexColumnUsage>
</ind_PK_UK>
</indexes>
</Table>