<?xml version = '1.0' encoding = 'UTF-8'?>
<Table class="oracle.dbtools.crest.model.design.relational.Table" directorySegmentName="seg_0" id="328CBA1C-B311-A4D5-CC0D-5383C6E00DB7" name="APODERADO">
<createdBy>matiasmejias</createdBy>
<createdTime>2025-09-02 03:29:07 UTC</createdTime>
<generatorID>66166B3B-5A91-6D2E-A102-8156EA23DC65</generatorID>
<ownerDesignName>Modelo_Base</ownerDesignName>
<allowColumnReorder>false</allowColumnReorder>
<existDependencyGenerateInDDl>true</existDependencyGenerateInDDl>
<parsed>true</parsed>
<columns itemClass="oracle.dbtools.crest.model.design.relational.Column">
<Column name="rut_apoderado" id="A4F91443-FC68-E626-63CB-8C245D801D5D">
<createdBy>matiasmejias</createdBy>
<createdTime>2025-09-02 03:29:07 UTC</createdTime>
<generatorID>B222F608-5CD9-A306-7918-27EC524B2B32</generatorID>
<ownerDesignName>Modelo_Base</ownerDesignName>
<useDomainConstraints>false</useDomainConstraints>
<use>1</use>
<logicalDatatype>LOGDT024</logicalDatatype>
<dataTypeSize>10</dataTypeSize>
<ownDataTypeParameters>10,,</ownDataTypeParameters>
<autoIncrementCycle>false</autoIncrementCycle>
</Column>
<Column name="nombre_apoderado" id="C05016C1-B868-E757-412A-F6AABA5D663D">
<createdBy>matiasmejias</createdBy>
<createdTime>2025-09-02 03:29:07 UTC</createdTime>
<generatorID>9176ED69-7679-B02E-BFAC-8BE86C5594BB</generatorID>
<ownerDesignName>Modelo_Base</ownerDesignName>
<useDomainConstraints>false</useDomainConstraints>
<use>1</use>
<logicalDatatype>LOGDT024</logicalDatatype>
<dataTypeSize>100</dataTypeSize>
<ownDataTypeParameters>100,,</ownDataTypeParameters>
<autoIncrementCycle>false</autoIncrementCycle>
</Column>
<Column name="contacto_apoderado" id="90A1804F-DD7A-80F2-AA49-B7500E616DB7">
<createdBy>matiasmejias</createdBy>
<createdTime>2025-09-02 03:29:07 UTC</createdTime>
<generatorID>4D49C455-2029-4E63-A4A0-541ED03404B0</generatorID>
<ownerDesignName>Modelo_Base</ownerDesignName>
<useDomainConstraints>false</useDomainConstraints>
<use>1</use>
<logicalDatatype>LOGDT024</logicalDatatype>
<dataTypeSize>50</dataTypeSize>
<ownDataTypeParameters>50,,</ownDataTypeParameters>
<autoIncrementCycle>false</autoIncrementCycle>
</Column>
</columns>
<indexes itemClass="oracle.dbtools.crest.model.design.relational.Index">
<ind_PK_UK id="79D37D18-F4A7-7D43-A81D-796526C61BB9" name="APODERADO_PK">
<createdBy>matiasmejias</createdBy>
<createdTime>2025-09-02 03:29:07 UTC</createdTime>
<generatorID>AF036082-F2D6-1DA6-1DC2-7E48DFEAE665</generatorID>
<ownerDesignName>Modelo_Base</ownerDesignName>
<pk>true</pk>
<indexState>Primary Constraint</indexState>
<isSurrogateKey>false</isSurrogateKey>
<indexColumnUsage>
<colUsage columnID="A4F91443-FC68-E626-63CB-8C245D801D5D"/>
</indexColumnUsage>
</ind_PK_UK>
</indexes>
</Table>