<?xml version = '1.0' encoding = 'UTF-8'?>
<Table class="oracle.dbtools.crest.model.design.relational.Table" directorySegmentName="seg_0" id="3E1C259C-AE1E-E4A9-18ED-FB97B2D5B673" name="MEDICO">
<createdBy>matiasmejias</createdBy>
<createdTime>2025-09-02 03:29:07 UTC</createdTime>
<generatorID>DB600D55-DCBA-8C68-7A90-BAA818B57535</generatorID>
<ownerDesignName>Modelo_Base</ownerDesignName>
<allowColumnReorder>false</allowColumnReorder>
<existDependencyGenerateInDDl>true</existDependencyGenerateInDDl>
<parsed>true</parsed>
<columns itemClass="oracle.dbtools.crest.model.design.relational.Column">
<Column name="rut_personal" id="6C7E4CBC-6BB9-F161-5218-5FAECEE41623">
<createdBy>matiasmejias</createdBy>
<createdTime>2025-09-02 03:29:07 UTC</createdTime>
<generatorID>6B8D5603-251F-D121-5471-787F8F0AD326</generatorID>
<ownerDesignName>Modelo_Base</ownerDesignName>
<useDomainConstraints>false</useDomainConstraints>
<use>1</use>
<logicalDatatype>LOGDT024</logicalDatatype>
<dataTypeSize>10</dataTypeSize>
<ownDataTypeParameters>,,</ownDataTypeParameters>
<autoIncrementCycle>false</autoIncrementCycle>
<associations>
<colAssociation fkAssociation="9DA531ED-C333-F4EC-17E3-56078DD03379" referredColumn="36F34A43-430C-8D0F-0B70-E1E22C130A39"/>
</associations>
</Column>
<Column name="especialidad_medica" id="E9589225-9C98-0CD3-3417-745C0DD2AEBB">
<createdBy>matiasmejias</createdBy>
<createdTime>2025-09-02 03:29:07 UTC</createdTime>
<generatorID>E8A54CC8-208B-336C-24C2-4185F788B63F</generatorID>
<ownerDesignName>Modelo_Base</ownerDesignName>
<useDomainConstraints>false</useDomainConstraints>
<use>1</use>
<logicalDatatype>LOGDT024</logicalDatatype>
<dataTypeSize>100</dataTypeSize>
<ownDataTypeParameters>100,,</ownDataTypeParameters>
<autoIncrementCycle>false</autoIncrementCycle>
</Column>
<Column name="MEDICO_rut_personal" id="97C7E6F9-4CBD-0BD5-1CD5-C64EAD9A1001">
<createdBy>matiasmejias</createdBy>
<createdTime>2025-09-02 03:29:07 UTC</createdTime>
<generatorID>3657025D-8017-0211-8C40-6A3024844444</generatorID>
<ownerDesignName>Modelo_Base</ownerDesignName>
<useDomainConstraints>false</useDomainConstraints>
<use>1</use>
<logicalDatatype>LOGDT024</logicalDatatype>
<dataTypeSize>10</dataTypeSize>
<ownDataTypeParameters>,,</ownDataTypeParameters>
<previousColumn>false</previousColumn>
<autoIncrementCycle>false</autoIncrementCycle>
<associations>
<colAssociation fkAssociation="C4129B1E-ABBC-A27B-6FC1-0FF97BD53FD0" referredColumn="6C7E4CBC-6BB9-F161-5218-5FAECEE41623"/>
</associations>
</Column>
</columns>
<indexes itemClass="oracle.dbtools.crest.model.design.relational.Index">
<ind_PK_UK id="8218F6DA-5B71-EDD1-0BD8-9DC140602B34" name="MEDICO_PK">
<createdBy>matiasmejias</createdBy>
<createdTime>2025-09-02 03:29:07 UTC</createdTime>
<generatorID>E34E1D29-0DB2-1E96-DD25-85F64D976F05</generatorID>
<ownerDesignName>Modelo_Base</ownerDesignName>
<pk>true</pk>
<indexState>Primary Constraint</indexState>
<isSurrogateKey>false</isSurrogateKey>
<indexColumnUsage>
<colUsage columnID="6C7E4CBC-6BB9-F161-5218-5FAECEE41623"/>
</indexColumnUsage>
</ind_PK_UK>
<ind_PK_UK id="828C579D-67E9-4854-9FFE-D763FC5B7ED8" name="MEDICO_PERSONAL_FK">
<createdBy>matiasmejias</createdBy>
<createdTime>2025-09-02 03:29:07 UTC</createdTime>
<generatorID>456C0462-16E1-5844-1476-0E5E5475A941</generatorID>
<ownerDesignName>Modelo_Base</ownerDesignName>
<indexState>Foreign Key</indexState>
<isSurrogateKey>false</isSurrogateKey>
<indexColumnUsage>
<colUsage columnID="6C7E4CBC-6BB9-F161-5218-5FAECEE41623"/>
</indexColumnUsage>
</ind_PK_UK>
<ind_PK_UK id="9C2CADEB-3D4F-B618-46E5-33AC7CC2FE96" name="MEDICO_MEDICO_FK">
<createdBy>matiasmejias</createdBy>
<createdTime>2025-09-02 03:29:07 UTC</createdTime>
<generatorID>7C57334D-0393-56C6-B48C-17E6B9FFBB13</generatorID>
<ownerDesignName>Modelo_Base</ownerDesignName>
<indexState>Foreign Key</indexState>
<isSurrogateKey>false</isSurrogateKey>
<indexColumnUsage>
<colUsage columnID="97C7E6F9-4CBD-0BD5-1CD5-C64EAD9A1001"/>
</indexColumnUsage>
</ind_PK_UK>
</indexes>
</Table>