<?xml version = '1.0' encoding = 'UTF-8'?>
<Table class="oracle.dbtools.crest.model.design.relational.Table" directorySegmentName="seg_0" id="777565ED-D6AD-D276-4B45-AABDC302119B" name="HABITACION">
<createdBy>matiasmejias</createdBy>
<createdTime>2025-09-02 03:29:07 UTC</createdTime>
<generatorID>CB63FE38-F103-7205-0253-1AD8FE858287</generatorID>
<ownerDesignName>Modelo_Base</ownerDesignName>
<allowColumnReorder>false</allowColumnReorder>
<existDependencyGenerateInDDl>true</existDependencyGenerateInDDl>
<parsed>true</parsed>
<columns itemClass="oracle.dbtools.crest.model.design.relational.Column">
<Column name="numero_habitacion" id="99AF3EE9-D53E-07C2-A522-DDC39602E750">
<createdBy>matiasmejias</createdBy>
<createdTime>2025-09-02 03:29:07 UTC</createdTime>
<generatorID>108ABBC1-A914-F0E1-76BC-6CB6BC0A1DED</generatorID>
<ownerDesignName>Modelo_Base</ownerDesignName>
<useDomainConstraints>false</useDomainConstraints>
<use>1</use>
<logicalDatatype>LOGDT024</logicalDatatype>
<dataTypeSize>10</dataTypeSize>
<ownDataTypeParameters>10,,</ownDataTypeParameters>
<autoIncrementCycle>false</autoIncrementCycle>
</Column>
<Column name="tipo_habitacion" id="4A2DBB7C-D2A6-13F6-4804-A2C1F8023697">
<createdBy>matiasmejias</createdBy>
<createdTime>2025-09-02 03:29:07 UTC</createdTime>
<generatorID>84436AD6-84D6-56C6-98A1-DA60F3361F86</generatorID>
<ownerDesignName>Modelo_Base</ownerDesignName>
<useDomainConstraints>false</useDomainConstraints>
<use>1</use>
<logicalDatatype>LOGDT024</logicalDatatype>
<dataTypeSize>20</dataTypeSize>
<ownDataTypeParameters>20,,</ownDataTypeParameters>
<autoIncrementCycle>false</autoIncrementCycle>
</Column>
<Column name="RESIDENCIA_id" id="41C4E7E8-9544-F1AD-1B3A-A482D8B05333">
<createdBy>matiasmejias</createdBy>
<createdTime>2025-09-02 03:29:07 UTC</createdTime>
<generatorID>EAEB307F-2FE7-7D4B-CC21-EC004F4A2085</generatorID>
<ownerDesignName>Modelo_Base</ownerDesignName>
<useDomainConstraints>false</useDomainConstraints>
<use>1</use>
<logicalDatatype>LOGDT024</logicalDatatype>
<dataTypeSize>10</dataTypeSize>
<ownDataTypeParameters>,,</ownDataTypeParameters>
<previousColumn>false</previousColumn>
<autoIncrementCycle>false</autoIncrementCycle>
<associations>
<colAssociation fkAssociation="D51DB1DA-0973-AD98-474C-AC0AF0813223" referredColumn="E8399A90-39BB-CD00-3868-F458EDFF79AB"/>
</associations>
</Column>
<Column name="RESIDENTE_rut_residente" id="CF13911C-50F1-5835-9F2D-889BB17E04BA">
<createdBy>matiasmejias</createdBy>
<createdTime>2025-09-02 03:29:07 UTC</createdTime>
<generatorID>F5552117-856A-98C4-1B6A-391C4AB2FB48</generatorID>
<ownerDesignName>Modelo_Base</ownerDesignName>
<useDomainConstraints>false</useDomainConstraints>
<use>1</use>
<logicalDatatype>LOGDT024</logicalDatatype>
<dataTypeSize>10</dataTypeSize>
<ownDataTypeParameters>,,</ownDataTypeParameters>
<previousColumn>false</previousColumn>
<autoIncrementCycle>false</autoIncrementCycle>
<associations>
<colAssociation fkAssociation="C96B3968-C7D9-A7EF-F8D1-020DC4B7B317" referredColumn="F5E93A67-47F5-955D-20B4-B2E0FD355994"/>
</associations>
</Column>
</columns>
<indexes itemClass="oracle.dbtools.crest.model.design.relational.Index">
<ind_PK_UK id="361483B4-3E48-B41B-59FC-25F4D96BD856" name="HABITACION_PK">
<createdBy>matiasmejias</createdBy>
<createdTime>2025-09-02 03:29:07 UTC</createdTime>
<generatorID>3286E503-81EC-D205-1724-BE6B5B99FC31</generatorID>
<ownerDesignName>Modelo_Base</ownerDesignName>
<pk>true</pk>
<indexState>Primary Constraint</indexState>
<isSurrogateKey>false</isSurrogateKey>
<indexColumnUsage>
<colUsage columnID="99AF3EE9-D53E-07C2-A522-DDC39602E750"/>
</indexColumnUsage>
</ind_PK_UK>
<ind_PK_UK id="FE4CA7F5-4672-859B-575D-FADA89F81069" name="HABITACION__IDX">
<createdBy>matiasmejias</createdBy>
<createdTime>2025-09-02 03:29:07 UTC</createdTime>
<ownerDesignName>Modelo_Base</ownerDesignName>
<indexState>Unique Plain Index</indexState>
<isSurrogateKey>false</isSurrogateKey>
<relationGeneratorID>BCA561B9-808A-8196-987E-3D9E5E3A851D</relationGeneratorID>
<indexColumnUsage>
<colUsage columnID="CF13911C-50F1-5835-9F2D-889BB17E04BA"/>
</indexColumnUsage>
</ind_PK_UK>
<ind_PK_UK id="F42DC1AD-2A55-7717-86D1-B7C4182D7D5B" name="HABITACION_RESIDENCIA_FK">
<createdBy>matiasmejias</createdBy>
<createdTime>2025-09-02 03:29:07 UTC</createdTime>
<generatorID>67B1A323-C5B5-1DE5-25D3-CAEE3AD88EB9</generatorID>
<ownerDesignName>Modelo_Base</ownerDesignName>
<indexState>Foreign Key</indexState>
<isSurrogateKey>false</isSurrogateKey>
<indexColumnUsage>
<colUsage columnID="41C4E7E8-9544-F1AD-1B3A-A482D8B05333"/>
</indexColumnUsage>
</ind_PK_UK>
<ind_PK_UK id="459FAC4E-2807-53EE-46EA-3FF0C081890D" name="HABITACION_RESIDENTE_FK">
<createdBy>matiasmejias</createdBy>
<createdTime>2025-09-02 03:29:07 UTC</createdTime>
<generatorID>BCA561B9-808A-8196-987E-3D9E5E3A851D</generatorID>
<ownerDesignName>Modelo_Base</ownerDesignName>
<indexState>Foreign Key</indexState>
<isSurrogateKey>false</isSurrogateKey>
<indexColumnUsage>
<colUsage columnID="CF13911C-50F1-5835-9F2D-889BB17E04BA"/>
</indexColumnUsage>
</ind_PK_UK>
</indexes>
</Table>