<?xml version = '1.0' encoding = 'UTF-8'?>
<Table class="oracle.dbtools.crest.model.design.relational.Table" directorySegmentName="seg_0" id="A162EDCE-C37C-33D7-8867-A22CBB345C58" name="CUIDADOR">
<createdBy>matiasmejias</createdBy>
<createdTime>2025-09-02 03:29:07 UTC</createdTime>
<generatorID>07932CC7-B7FB-AEA0-CFDD-294BFFE76F07</generatorID>
<ownerDesignName>Modelo_Base</ownerDesignName>
<allowColumnReorder>false</allowColumnReorder>
<existDependencyGenerateInDDl>true</existDependencyGenerateInDDl>
<parsed>true</parsed>
<columns itemClass="oracle.dbtools.crest.model.design.relational.Column">
<Column name="rut_personal" id="395C240E-E89D-B1EE-A5CE-51F5B9C4E0E0">
<createdBy>matiasmejias</createdBy>
<createdTime>2025-09-02 03:29:07 UTC</createdTime>
<generatorID>6B8D5603-251F-D121-5471-787F8F0AD326</generatorID>
<ownerDesignName>Modelo_Base</ownerDesignName>
<useDomainConstraints>false</useDomainConstraints>
<use>1</use>
<logicalDatatype>LOGDT024</logicalDatatype>
<dataTypeSize>10</dataTypeSize>
<ownDataTypeParameters>,,</ownDataTypeParameters>
<autoIncrementCycle>false</autoIncrementCycle>
<associations>
<colAssociation fkAssociation="CBB3060B-CED0-C05B-5BBE-1B20B2028708" referredColumn="36F34A43-430C-8D0F-0B70-E1E22C130A39"/>
</associations>
</Column>
<Column name="ficha_basica" id="7A6B3F94-4027-02C2-9D90-D470CB0163FE">
<createdBy>matiasmejias</createdBy>
<createdTime>2025-09-02 03:29:07 UTC</createdTime>
<generatorID>BA1153A3-3DF2-2710-1E1C-5EA113F88998</generatorID>
<ownerDesignName>Modelo_Base</ownerDesignName>
<useDomainConstraints>false</useDomainConstraints>
<use>1</use>
<logicalDatatype>LOGDT024</logicalDatatype>
<dataTypeSize>200</dataTypeSize>
<ownDataTypeParameters>200,,</ownDataTypeParameters>
<autoIncrementCycle>false</autoIncrementCycle>
</Column>
</columns>
<indexes itemClass="oracle.dbtools.crest.model.design.relational.Index">
<ind_PK_UK id="0996ED6E-1BF9-8952-6828-3F55D7C87F78" name="CUIDADOR_PK">
<createdBy>matiasmejias</createdBy>
<createdTime>2025-09-02 03:29:07 UTC</createdTime>
<generatorID>E34E1D29-0DB2-1E96-DD25-85F64D976F05</generatorID>
<ownerDesignName>Modelo_Base</ownerDesignName>
<pk>true</pk>
<indexState>Primary Constraint</indexState>
<isSurrogateKey>false</isSurrogateKey>
<indexColumnUsage>
<colUsage columnID="395C240E-E89D-B1EE-A5CE-51F5B9C4E0E0"/>
</indexColumnUsage>
</ind_PK_UK>
<ind_PK_UK id="3F1BD348-FAD8-59A6-E5B9-A9C3DA77E921" name="CUIDADOR_PERSONAL_FK">
<createdBy>matiasmejias</createdBy>
<createdTime>2025-09-02 03:29:07 UTC</createdTime>
<generatorID>6393B1DF-7976-7693-8E42-E30B4FE5AF38</generatorID>
<ownerDesignName>Modelo_Base</ownerDesignName>
<indexState>Foreign Key</indexState>
<isSurrogateKey>false</isSurrogateKey>
<indexColumnUsage>
<colUsage columnID="395C240E-E89D-B1EE-A5CE-51F5B9C4E0E0"/>
</indexColumnUsage>
</ind_PK_UK>
</indexes>
</Table>