<?xml version = '1.0' encoding = 'UTF-8'?>
<relationalModel class="oracle.dbtools.crest.model.design.relational.RelationalDesign" name="Relational_1" id="03C5B0DE-5815-8BCA-83BD-2560E4D61139" mainViewID="807D9465-DDD2-24A8-A64A-2BD029D45CB4">
<createdBy>matiasmejias</createdBy>
<createdTime>2025-09-02 02:27:40 UTC</createdTime>
<ownerDesignName>Modelo_Base</ownerDesignName>
<shouldBeOpen>false</shouldBeOpen>
<selectedRDBMSSite>32076570-2523-435C-2E92-BF29817DFF70</selectedRDBMSSite>
</relationalModel>