<?xml version = '1.0' encoding = 'UTF-8'?>
<FKArc class="oracle.dbtools.crest.model.design.relational.FKArc" directorySegmentName="seg_0" id="D5E0BAAD-BFE3-5DF2-E619-C18307B8E031" name="FKArc_2">
<createdBy>matiasmejias</createdBy>
<createdTime>2025-09-02 03:29:07 UTC</createdTime>
<ownerDesignName>Modelo_Base</ownerDesignName>
<mandatory>false</mandatory>
<reverseArc>true</reverseArc>
<table>0B1D3A59-EAD1-9C61-B21C-BF7B4741499D</table>
<fkeys>
<fkeyID>46320FA4-E2F8-06FF-2271-2110984CA4A0</fkeyID>
<fkeyID>66B454B4-A22A-FAAB-3CF4-D165FFD552C3</fkeyID>
</fkeys>
</FKArc>