<?xml version = '1.0' encoding = 'UTF-8'?>
<Diagram class="oracle.dbtools.crest.swingui.relational.DPVRelationalSubView" name="From_LM_Logical - SubView_1" id="25697123-340E-A042-1B04-28E5F07D7D92">
<createdBy>matiasmejias</createdBy>
<modifiedBy>matiasmejias</modifiedBy>
<createdTime>2025-09-02 03:29:07 UTC</createdTime>
<autoRoute>false</autoRoute>
<boxInbox>true</boxInbox>
<showLegend>false</showLegend>
<showLabels>false</showLabels>
<showRelAttributes>false</showRelAttributes>
<gridEnabled>false</gridEnabled>
<showGrid>false</showGrid>
<diagramColor>-1</diagramColor>
<display>false</display>
<generatorId>BCD40A63-3B25-344A-2458-545A0CBEF1C7</generatorId>
<notation>1</notation>
<objectViews>
<OView class="oracle.dbtools.crest.swingui.relational.TVTable" oid="0FFA6CEE-F606-4A33-48B0-E1D435406F6D" otype="Table" vid="6CE519D2-2EA3-EA88-D446-E4EBAB4D1763">
<hideElementsInCurrentOnly>false</hideElementsInCurrentOnly>
<bounds x="1063" y="135" width="170" height="110"/>
<generatorID>D83F40D2-6BD8-BBAE-CFCB-34FEDE35CC49</generatorID>
</OView>
</objectViews>
</Diagram>