<?xml version = '1.0' encoding = 'UTF-8'?>
<Diagram class="oracle.dbtools.crest.swingui.relational.DPVRelationalSubView" name="From_LM_Logical - SubView_2" id="8B9AD065-E095-9DB9-D916-E8BD6AB5F26D">
<createdBy>matiasmejias</createdBy>
<modifiedBy>matiasmejias</modifiedBy>
<createdTime>2025-09-02 03:29:07 UTC</createdTime>
<autoRoute>false</autoRoute>
<boxInbox>true</boxInbox>
<showLegend>false</showLegend>
<showLabels>false</showLabels>
<showRelAttributes>false</showRelAttributes>
<gridEnabled>false</gridEnabled>
<showGrid>false</showGrid>
<diagramColor>-1</diagramColor>
<display>false</display>
<generatorId>09B5951C-67D3-7A55-4117-6880BD61A34B</generatorId>
<notation>1</notation>
<objectViews>
<OView class="oracle.dbtools.crest.swingui.relational.TVTable" oid="0FFA6CEE-F606-4A33-48B0-E1D435406F6D" otype="Table" vid="C30DA759-08B6-E7E9-D1A5-F2C5F032FFE2">
<hideElementsInCurrentOnly>false</hideElementsInCurrentOnly>
<bounds x="1063" y="135" width="170" height="110"/>
<generatorID>6D4CBE2A-6B7E-1FEF-307E-84EFDF058426</generatorID>
</OView>
</objectViews>
</Diagram>