<?xml version = '1.0' encoding = 'UTF-8'?>
<Diagram class="oracle.dbtools.crest.swingui.relational.DPVRelationalSubView" name="From_LM_Logical - SubView_3" id="9C276AC5-B94D-15C8-B5C2-99742E0107D0">
<createdBy>matiasmejias</createdBy>
<modifiedBy>matiasmejias</modifiedBy>
<createdTime>2025-09-02 03:29:07 UTC</createdTime>
<autoRoute>false</autoRoute>
<boxInbox>true</boxInbox>
<showLegend>false</showLegend>
<showLabels>false</showLabels>
<showRelAttributes>false</showRelAttributes>
<gridEnabled>false</gridEnabled>
<showGrid>false</showGrid>
<diagramColor>-1</diagramColor>
<display>false</display>
<generatorId>FA8FF830-9C05-7400-F042-CC7E1C74F53C</generatorId>
<notation>1</notation>
<objectViews>
<OView class="oracle.dbtools.crest.swingui.relational.TVTable" oid="0FFA6CEE-F606-4A33-48B0-E1D435406F6D" otype="Table" vid="D5CD83B5-F4B5-8E4E-CB7B-CDA1EAD3968A">
<hideElementsInCurrentOnly>false</hideElementsInCurrentOnly>
<bounds x="1063" y="135" width="170" height="110"/>
<generatorID>55575BE8-B5C4-A6B1-50DF-F3942BE10D6B</generatorID>
</OView>
</objectViews>
</Diagram>