<?xml version = '1.0' encoding = 'UTF-8'?>
<Relation class="oracle.dbtools.crest.model.design.logical.Relation" name="incluye" directorySegmentName="seg_0" id="45D2AF92-3DFF-657C-1786-941B33EF2F85">
<createdBy>matiasmejias</createdBy>
<createdTime>2025-09-02 03:16:23 UTC</createdTime>
<ownerDesignName>Modelo_Base</ownerDesignName>
<engineerTo>
<item key="03C5B0DE-5815-8BCA-83BD-2560E4D61139" value="true"/>
</engineerTo>
<sourcePk>0B5DE757-CB3E-15AB-AD14-3957684E8D12</sourcePk>
<identifying>false</identifying>
<optionalSource>true</optionalSource>
<optionalTarget>false</optionalTarget>
<sourceCardinality>1</sourceCardinality>
<sourceEntity>9027E6A5-4611-D7AD-5549-B2ABCAD337A9</sourceEntity>
<targetCardinalityString>*</targetCardinalityString>
<targetEntity>18F428DC-1491-D8BE-73BC-0A21CF656A0F</targetEntity>
<transferable>true</transferable>
<deleteRule>NO ACTION</deleteRule>
</Relation>