<?xml version = '1.0' encoding = 'UTF-8'?>
<Relation class="oracle.dbtools.crest.model.design.logical.Relation" name="contiene" directorySegmentName="seg_0" id="67B1A323-C5B5-1DE5-25D3-CAEE3AD88EB9">
<createdBy>matiasmejias</createdBy>
<createdTime>2025-09-02 03:16:48 UTC</createdTime>
<ownerDesignName>Modelo_Base</ownerDesignName>
<engineerTo>
<item key="03C5B0DE-5815-8BCA-83BD-2560E4D61139" value="true"/>
</engineerTo>
<sourcePk>D5F721F7-848E-7A3E-9382-A10EF58B9597</sourcePk>
<identifying>false</identifying>
<nameOnSource>residencia_contenedora</nameOnSource>
<nameOnTarget>habitacion_contenida</nameOnTarget>
<optionalSource>true</optionalSource>
<optionalTarget>false</optionalTarget>
<sourceCardinality>1</sourceCardinality>
<sourceEntity>391E7DF5-803A-E96C-A6E5-2486D7553250</sourceEntity>
<targetCardinalityString>*</targetCardinalityString>
<targetEntity>CB63FE38-F103-7205-0253-1AD8FE858287</targetEntity>
<transferable>true</transferable>
<deleteRule>NO ACTION</deleteRule>
</Relation>