<?xml version = '1.0' encoding = 'UTF-8'?>
<Relation class="oracle.dbtools.crest.model.design.logical.Relation" name="Relation_8" directorySegmentName="seg_0" id="7C57334D-0393-56C6-B48C-17E6B9FFBB13">
<createdBy>matiasmejias</createdBy>
<createdTime>2025-09-02 03:20:46 UTC</createdTime>
<ownerDesignName>Modelo_Base</ownerDesignName>
<engineerTo>
<item key="03C5B0DE-5815-8BCA-83BD-2560E4D61139" value="true"/>
</engineerTo>
<targetPk>E34E1D29-0DB2-1E96-DD25-85F64D976F05</targetPk>
<identifying>false</identifying>
<optionalSource>true</optionalSource>
<optionalTarget>false</optionalTarget>
<sourceCardinality>1</sourceCardinality>
<sourceEntity>DB600D55-DCBA-8C68-7A90-BAA818B57535</sourceEntity>
<targetCardinalityString>*</targetCardinalityString>
<targetEntity>DB600D55-DCBA-8C68-7A90-BAA818B57535</targetEntity>
<transferable>true</transferable>
<deleteRule>NO ACTION</deleteRule>
</Relation>