<?xml version = '1.0' encoding = 'UTF-8'?>
<Relation class="oracle.dbtools.crest.model.design.logical.Relation" name="trabaja_en" directorySegmentName="seg_0" id="82217D7C-FA6B-31D4-C5FE-3410BB4C8029">
<createdBy>matiasmejias</createdBy>
<createdTime>2025-09-02 03:18:36 UTC</createdTime>
<ownerDesignName>Modelo_Base</ownerDesignName>
<engineerTo>
<item key="03C5B0DE-5815-8BCA-83BD-2560E4D61139" value="true"/>
</engineerTo>
<sourcePk>E34E1D29-0DB2-1E96-DD25-85F64D976F05</sourcePk>
<identifying>false</identifying>
<optionalSource>true</optionalSource>
<optionalTarget>false</optionalTarget>
<sourceCardinality>1</sourceCardinality>
<sourceEntity>14F84653-48D2-46EC-FA86-79F93018A17B</sourceEntity>
<targetCardinalityString>*</targetCardinalityString>
<targetEntity>391E7DF5-803A-E96C-A6E5-2486D7553250</targetEntity>
<transferable>true</transferable>
<deleteRule>NO ACTION</deleteRule>
</Relation>