<?xml version = '1.0' encoding = 'UTF-8'?>
<Relation class="oracle.dbtools.crest.model.design.logical.Relation" name="registra" directorySegmentName="seg_0" id="DA459096-CFBA-5617-230C-F88C5F97E3BB">
<createdBy>matiasmejias</createdBy>
<createdTime>2025-09-02 03:17:37 UTC</createdTime>
<ownerDesignName>Modelo_Base</ownerDesignName>
<engineerTo>
<item key="03C5B0DE-5815-8BCA-83BD-2560E4D61139" value="true"/>
</engineerTo>
<sourcePk>87B07F77-F99A-E8B3-34B0-5F915FB107AD</sourcePk>
<identifying>false</identifying>
<nameOnSource>anexo_registro</nameOnSource>
<nameOnTarget>residente_registrado</nameOnTarget>
<optionalSource>true</optionalSource>
<optionalTarget>false</optionalTarget>
<sourceCardinality>1</sourceCardinality>
<sourceEntity>18F428DC-1491-D8BE-73BC-0A21CF656A0F</sourceEntity>
<targetCardinalityString>1</targetCardinalityString>
<targetEntity>5A285CAC-7E4E-19BC-2DC9-8BFB5B222453</targetEntity>
<transferable>true</transferable>
<deleteRule>NO ACTION</deleteRule>
</Relation>